Iter,PSO500,GSA500,ABC500,PSO2500,GSA2500,ABC2500
1,1000.0,114344819.24629559,490298818.0978787,1000.0,116912622.7791644,495982757.0584359
2,1000.0,3788657.9757795865,474773637.6309515,1000.0,3783896.822182443,468846259.32858306
3,1000.0,229261.29256554903,446635793.21294916,1000.0,97490.40509691567,437457156.9178859
4,977.9945909626904,178804.880153488,421945283.8484399,1000.0,94695.25122560855,403592959.55251086
5,735.0005569904381,8502.06543710388,372215872.70010984,833.5860065761009,27220.73685987889,367668807.9494141
6,541.5495076440769,961.4062411507458,346659672.959449,648.7912183907664,2832.840892749172,334281146.62380624
7,297.5088106857959,295.89375592624293,303610159.47149944,388.9248599300577,2764.0762974608674,310971781.1738597
8,150.65908016272303,153.8430276247582,290250549.6682434,146.27223048099665,717.148607815857,283277308.2237012
9,96.66799083594725,143.20362141481903,254767599.71471396,64.73210564654441,716.700049785144,242441013.66036928
10,60.857492438439095,46.32332560370471,215390605.83686465,53.734764377198104,136.67884603949307,220917901.47772664
11,54.96582405493171,46.15391219649734,195282407.8574625,50.4022328193759,136.67884603949307,207697946.9561735
12,28.258231858637416,27.53927636241605,177639184.0575469,28.693910568396984,96.46159036139696,196673915.80943996
13,20.60858566028665,27.209187981052114,155105589.32227117,22.18757637153169,96.45761923919747,167800731.08036193
14,19.73131131204043,15.73213958932406,139188877.27720904,20.296367118106367,20.053703579465033,154025121.6324502
15,18.296348366404004,15.470731357032978,124133479.48801339,18.955489760467614,20.053703579465033,142100145.89537564
16,17.524320742092712,14.361749747186618,107398907.6442503,18.544665223784822,15.803644379629784,129369150.46591227
17,15.964027962940643,14.256846916795757,98371185.68625902,13.871864763665908,15.803644379629784,113851936.20348576
18,15.197141773795346,13.347714565637851,91941618.65061104,12.83726925571101,14.735510394431044,99060718.2325117
19,14.916134853628389,13.044063804798483,84339181.7427522,12.196248683798215,14.735510394431044,89845255.95899086
20,13.703487826278188,11.944934858662839,75649936.65205453,11.52169231551123,14.404030994407172,83765923.80092621
21,13.250832858006502,11.478226680804969,68000334.87820047,10.96368849495589,14.291588314359712,73938540.98340622
22,12.807586487890516,10.424161850949362,59413291.490053505,10.61877859134507,13.533181797253299,68351714.5140662
23,12.197543033559509,10.225733102725304,53618073.12110777,10.20457360189225,13.42349787784867,61206905.59207096
24,11.477074211698493,9.152048965075188,49030495.23670105,9.795316804702829,12.601356422768049,57605838.30863998
25,11.208675860169922,9.080774076056562,45596168.39503309,9.446030318290276,12.601356422768049,51712364.17652633
26,10.522998839249041,8.061343146347967,39883754.60721895,9.079744903094094,12.036172719927787,48138439.291961215
27,10.234883861597671,7.882837356325976,37941562.39870554,8.898445818600017,12.036172719927787,44415450.0380374
28,9.941432460974838,7.302338775515658,35015975.93438027,8.570930049205538,11.637444073861849,40407168.64899708
29,9.773189491013806,7.197936550723759,33735354.491143286,8.291222729258308,11.637444073861849,35694587.88588284
30,9.397126442673786,6.336406975951323,31839478.435718864,7.858084212932639,11.287232770179846,33700619.02426013
31,9.067866630507007,6.148740244039995,30693499.05566154,7.5393743053803846,11.287232770179846,32185139.261686586
32,8.793380341607396,5.220964605248096,28625358.975591917,7.214926035756041,10.9132961350053,29504076.95117882
33,8.45330084252595,5.125142691695417,26884977.575894188,6.969653666671868,10.9132961350053,26277242.228351895
34,8.257219984232442,4.085456689655213,24811290.40019945,6.669943039437236,10.391923431410037,24626178.576104097
35,8.011311038559535,4.007521318062524,22233516.606217045,6.453963167820593,10.28208012273246,23603998.872601166
36,7.705210745218482,3.4445253799345337,21404794.469223477,6.206701185005472,9.786423908408432,22455293.222909264
37,7.356615431837258,3.3198204408231544,18934919.113433614,6.076668566238621,9.770440659644382,21269694.541035287
38,7.151908500293762,2.714638536624716,17931768.95391842,5.891816152806034,9.583311488790857,19595377.190499477
39,6.9713789171543965,2.6629265335596553,16904599.67257028,5.716880463062588,9.570982281794306,18533195.678773988
40,6.719912475629985,2.276803984461969,15235554.92554674,5.5638443370281125,9.193364552697437,17703348.152910527
41,6.612638238123875,2.254459710325149,14026219.813494273,5.393623944008198,9.187522467374873,16623575.657238672
42,6.414313679554464,1.9448528224288193,12540239.79079498,5.242814153535819,9.015922663861458,15359340.614374213
43,6.271399393426799,1.9136168839365988,11880210.960668016,5.093096085115498,9.015922663861458,13803188.979816545
44,6.092867037631585,1.6094440976018214,11154455.947806554,4.904838108670198,8.717191810779068,12649228.310395941
45,5.907463960797034,1.5841007421384958,10671106.380040001,4.734950294520274,8.663165790309641,11665048.920949047
46,5.715031554480765,1.3414573974508457,10050282.429957226,4.583257572646556,8.392145324511187,10914844.51483276
47,5.467504803176545,1.332819723166587,8725425.4249495,4.503786669004233,8.392145324511187,10481088.714656752
48,5.291184214119729,1.140177046545645,8037610.933073426,4.393284846309579,8.28718675938851,9703468.82010144
49,5.105323674220924,1.1209819849972227,7647181.437029928,4.348108348686077,8.28718675938851,8701869.586387789
50,4.950393623541568,1.0201004824710143,7201430.6555320565,4.278410713253923,8.082321426721698,7673672.459188478
51,4.826921909669759,0.9880057673432795,6468476.573266191,4.075634622294802,8.082321426721698,7123510.202551558
52,4.733813615616074,0.8611982007072484,6130131.297380304,3.9258820947564526,7.934720380594924,6512553.266506067
53,4.55249162579749,0.8595726312085097,5636104.522858708,3.818634053120385,7.934720380594924,6051164.511976604
54,4.3965714945207575,0.8076862315337517,5209189.863224805,3.7244589292565764,7.789898275159637,5686014.206417579
55,4.269153187054232,0.7967388853445145,4886708.761777275,3.6482629298662577,7.789898275159637,5306633.956621628
56,4.162503344545761,0.7377471934851549,4380484.740822046,3.5283496318364276,7.691849794758295,5119017.470680297
57,4.067814674285461,0.7373961146391356,4189192.9292445667,3.435347890532085,7.691849794758295,4959940.850854588
58,3.9801513937948805,0.6705332788298078,3720986.2507779286,3.3556305756471136,7.284020226972385,4605212.226892241
59,3.9054637361962876,0.6691470282551597,3628264.004113572,3.2459389583422027,7.284020226972385,4010071.02620659
60,3.7962184308203035,0.6340479494950347,3202195.22489605,3.169922314942981,7.141950278589877,3604682.4853694015
61,3.646754984131498,0.6270408128529308,2896880.6863669283,3.0698506520937507,7.141950278589877,3287857.527123439
62,3.570756572944175,0.5904990671589928,2678176.839203449,2.9275781105469423,7.075128479966343,2957273.412559688
63,3.517815684174489,0.582776270206866,2520667.752986799,2.8652251129948256,7.075128479966343,2736516.153363773
64,3.458205933841051,0.5310880285653753,2265812.6456021387,2.7658974827093363,6.865671126914135,2332149.085089058
65,3.3576317869797636,0.5281110363318426,2102782.2728610546,2.7046404988789408,6.865671126914135,2132543.5983656887
66,3.275888770635893,0.4989070128602039,2007485.5537977868,2.640772993143747,6.64435067831138,2068674.3050339008
67,3.187486965614249,0.49554024034598854,1844113.5201597274,2.5408909141951055,6.64435067831138,1999881.5463724667
68,3.0988271235181224,0.4690176710778629,1735683.0069454962,2.479231781889057,6.481699445580308,1881772.1484606883
69,2.979604648950507,0.46650820026199374,1592202.9894795201,2.3995303437117466,6.481699445580308,1782943.283594313
70,2.922202535601973,0.4428355636940208,1427121.8593457213,2.3272832487112596,6.227362719528004,1637689.3464297375
71,2.8587587444067952,0.44080543593944305,1334517.5492375172,2.2695772212812284,6.212382181997255,1354523.348547415
72,2.8031098692351906,0.42777392216568344,1224271.2443318523,2.217950711261307,6.096135146552476,1172541.2320105804
73,2.7515508262715134,0.4246997688554975,1108290.2559315073,2.142818895536475,6.096135146552476,1105845.8560493086
74,2.699787366606755,0.4006395411013141,935919.6385530378,2.083611876819435,5.804231657336654,1085156.4055923002
75,2.6357812033790053,0.3970315884651434,905229.7363626935,2.0507493048692482,5.804231657336654,931672.511979443
76,2.5596914187872306,0.3837800686561462,780676.3966081404,1.9756011801106161,5.715154447603062,886748.2980318563
77,2.5076411822191504,0.38055832400727235,708137.2092397928,1.9260915023048029,5.715154447603062,744405.8060533681
78,2.4408172189118953,0.36607627530303316,585463.2211885286,1.8747021226042988,5.6502385231843935,721605.2118667273
79,2.3861706357624883,0.3652474812493878,533702.18300498,1.8323650495322434,5.6502385231843935,671407.7970457705
80,2.319405162731273,0.34747702992890434,518299.2373223273,1.78052403911287,5.515777148872757,626928.1279623589
81,2.241418006620467,0.34527819746866634,488536.5434388978,1.7511501605091946,5.49443728369135,598169.4404470276
82,2.1880716787466548,0.33635725448822185,454919.8949070342,1.7113818135661598,5.141960699029666,550332.0660223182
83,2.126956164162792,0.33423731652333777,442318.0031541562,1.659433095283656,5.123669747127171,492676.4877266088
84,2.086078673729227,0.32150972028553637,356209.64008507936,1.6185829303457269,5.046596272286713,404128.2055248698
85,2.015883639414132,0.31971044181009134,341924.7464052515,1.5829679551914042,5.046596272286713,369820.7960128289
86,1.973868257139988,0.3087343341723015,320495.588560368,1.5360097621599056,4.8051752274752015,336433.5508802541
87,1.9286230600986247,0.30635268887515144,309057.2221207083,1.4885568295921616,4.8051752274752015,301667.78805284837
88,1.8852402277573246,0.2959056736416212,281721.65138968156,1.453479306582658,4.713686995892713,292437.8617164373
89,1.8563519820318715,0.2938634597500547,258674.6642872445,1.4027858571795104,4.683119040638365,257629.72409941797
90,1.8246979491446336,0.2835481990575659,235513.86954554712,1.3704136230669126,4.514377273856948,243623.9801527779
91,1.7856957845996442,0.2813057045519598,218279.45088883367,1.3357710140911196,4.514377273856948,218071.72501902987
92,1.75053536692784,0.27037848486681004,182406.96795209215,1.2919263270966073,4.321208067485611,199165.73058113546
93,1.7107818585821521,0.26924075588061636,179633.23401429388,1.2668171286201946,4.321208067485611,175540.6304243762
94,1.6761504719148266,0.2606687405802692,175320.74409543493,1.2554321013615861,4.179806477841076,165984.31221844925
95,1.6429221236383416,0.2588771901105897,171314.21896171407,1.2073132313898998,4.179806477841076,151322.1763509384
96,1.6040010986510242,0.249190322459148,158637.65007885278,1.186667709607947,4.094614238106328,146023.7833022914
97,1.5702323864124486,0.24682833184073405,149926.37236966344,1.1511718073010335,4.076170712184905,132962.6499895294
98,1.5318559877714022,0.24015069416961946,127839.3867581424,1.1294761391901884,3.7956546851099757,125250.96690405265
99,1.4823126831726077,0.2382553796501767,123341.65745380694,1.1135039783886405,3.7956546851099757,123643.83476133458
100,1.4462186144163132,0.22991897189812097,94808.5289585511,1.090784245814271,3.608409495739577,116738.35209666193
101,1.4222564988507855,0.22737688904458547,92940.62781207408,1.0746535518963591,3.59648942560583,103157.60441503554
102,1.397943152193716,0.2211083519539627,90381.1103359963,1.0597274933695773,3.373254830748982,88937.01798969539
103,1.3778390725287017,0.21914666681422618,82016.33894911568,1.0427516356026951,3.373254830748982,82371.52671831934
104,1.358468035777198,0.21297565717676836,79762.75891888971,1.0320631050586941,3.219018996287825,71939.54849512983
105,1.3257642258517512,0.21075284686517487,73123.99155205273,1.0122320565203324,3.219018996287825,64556.335430332816
106,1.3042801972223714,0.20526790758315475,67548.67838992429,0.9886663734230234,3.026306557915893,55776.441912922055
107,1.2837694520109284,0.20335261229391235,64266.12318964252,0.9556774243345788,3.026306557915893,53543.25398695297
108,1.2636206986226497,0.19838594644434918,60473.98069105766,0.9358605537366611,2.857811210331364,42249.64725936917
109,1.2337714890829807,0.19622410444339342,44854.13441916166,0.9145169770431326,2.821752794509905,41629.278645162674
110,1.214454605629765,0.1914042899077015,38226.54424704992,0.8926329239391331,2.659072163261334,38576.82395685568
111,1.1943822915646625,0.18949531959336938,30429.32786611422,0.8729354678161582,2.6563095317697334,36269.34924649065
112,1.1663787810021287,0.18547841293271625,29861.932348425384,0.8629885894200922,2.3717016257823174,34663.92247995891
113,1.1431136938593511,0.18337266863447876,29727.82507501112,0.8459530335847208,2.3525101166228897,30255.119324111165
114,1.1184662054480499,0.1788950747525096,26915.771419885088,0.827545815550398,2.1871763731600415,28997.064920996218
115,1.0968318038599394,0.1768624652074784,26770.565699515628,0.8135000999218012,2.172910798741301,26108.724286058736
116,1.0756688445676423,0.17314243250484032,26213.74475185264,0.796048102447786,2.066986283241898,19138.091912630272
117,1.0572812985738025,0.17058882237163364,23004.428850738215,0.7819538487358928,2.066986283241898,17976.13340583549
118,1.04248715074069,0.1679743202473727,22565.77148214919,0.7700082771158637,1.8397091556719984,17535.04096652234
119,1.025264094457352,0.16583490017735453,21786.817747271707,0.7555552408899271,1.8374602699699067,14711.57725003636
120,1.0046897192132342,0.16306471523918498,18511.717508443573,0.7379019535360136,1.5958429737925812,12733.2118653031
121,0.9922034191915624,0.1611638648590232,18375.928817407403,0.7227994890140714,1.5937839499988429,12139.975499844993
122,0.9701676613721202,0.1588161818913141,17016.254414507937,0.7062879392385929,1.4729365486931087,8081.253794264599
123,0.9626885638424327,0.15707542479300207,16925.386650488523,0.6948228683851386,1.4729365486931087,7496.350329653062
124,0.9473152745911058,0.1552177873915124,8987.886627109943,0.6850940683082654,1.359210401969539,6338.046192652774
125,0.9324802348490505,0.15351258875141963,8605.834985130194,0.6694790951788234,1.359210401969539,6112.380104749354
126,0.9120638002355872,0.15171864043285796,7930.150250492678,0.6552201253204794,1.2688644623085015,5871.019154063336
127,0.9004331055310805,0.15041508054696162,7737.19020119171,0.645659086216952,1.2688644623085015,5100.904259141328
128,0.8877303431926319,0.14892815852633093,6705.217363033484,0.6359971145797373,1.1738105113373578,4647.297799212081
129,0.8787716392940953,0.14759660825349055,5533.680335395969,0.6149012538146749,1.1738105113373578,4336.875325410718
130,0.8678921144833451,0.14622791951278916,4930.715885144147,0.6062582233101069,1.0834806478300134,4271.621265006583
131,0.8533955463961437,0.1448635060721355,4208.381517774509,0.5951781302447372,1.0834806478300134,3797.6237977237015
132,0.8331486166006004,0.14379088124895584,3680.3811758287957,0.5882114179728866,0.9178811121836855,3583.167232200429
133,0.8206913144424659,0.14302863805862628,3646.248414363803,0.5797040090425015,0.9150907800707633,1889.4517383133234
134,0.8049707627028865,0.14203879531290647,3597.1299331871032,0.5592543989533542,0.8512208402968878,1777.4557665165003
135,0.7895201786057556,0.14096076239486333,3579.1216561451497,0.5479560684313516,0.8512208402968878,1731.4286362007028
136,0.7765793000947694,0.1398049247260017,3300.0566366295725,0.5426397164239054,0.7909499932946773,1609.9350719214947
137,0.7664169748988879,0.13892743297214138,3018.150805488589,0.525996881991001,0.7909499932946773,1429.7030949608786
138,0.7538242309405336,0.1379937871814567,2972.6745016656437,0.5160349253494496,0.7269652617132719,802.4454375999525
139,0.7410614305623231,0.1372015631302133,2921.087671296121,0.5071219001846755,0.7269652617132719,741.8179106515619
140,0.7271357308358923,0.13637393662297068,2808.66089495615,0.49137218033675445,0.6423104973931906,710.9826356051085
141,0.7173065070034303,0.13553081607712703,1860.8861791908419,0.48296993914912323,0.6423104973931906,690.3645369225676
142,0.7043749241576345,0.13462303625427433,1304.1964356097571,0.477176405729181,0.564677376801395,660.8376194978358
143,0.6930019151682134,0.13372232034248627,1280.678766552151,0.46760377649958007,0.5645283338570292,649.3871058069931
144,0.6781629532288288,0.1331668949235709,1184.0426415225202,0.461596594729736,0.5408435605616436,625.8417397406811
145,0.6629528875210281,0.13230258092531377,1168.7819881096968,0.4542404180305962,0.5408435605616436,531.496847939647
146,0.6489082588283841,0.13148378268687805,1139.8350707887687,0.4468812900692447,0.4781514242327518,530.1085410374737
147,0.6410348822113336,0.13067327498678968,1110.797636600453,0.4408016645452503,0.4781514242327518,384.46080041419015
148,0.6358387427091013,0.1299223972876801,1029.513114662283,0.43384992457395555,0.4267596327383376,382.64471235324413
149,0.6253227449732692,0.12923179766560955,989.7699296534533,0.4277381815647277,0.4267596327383376,381.32830362431145
150,0.6112980934802615,0.12833282985263764,955.7423675011283,0.42063963204690014,0.4000043077190384,371.93372507242276
151,0.5991322444246712,0.12759687042392615,907.0654658987357,0.4140879945362969,0.4000043077190384,329.91444535561806
152,0.5897050148992021,0.1268727155403936,898.9823623443345,0.4081612071268284,0.3805663667898677,313.14857897395234
153,0.5809480797807486,0.12613129560026676,897.8030865209362,0.3996083898593059,0.3805663667898677,311.86526861474636
154,0.5734525772928875,0.12560239622478947,877.6981506951164,0.39263038986833315,0.36058860244883983,305.6378310412294
155,0.5642398757558122,0.1248738843729462,877.2356357796211,0.3867186742858102,0.36058860244883983,305.02951458098477
156,0.5536874818090295,0.12419237202524026,875.8962144816084,0.38028572103738667,0.31584127357261194,273.5424078171373
157,0.5458874873343522,0.12362681314752626,874.8352252457578,0.37497016453974125,0.31584127357261194,236.53910924222575
158,0.5367661893219807,0.123104536357895,868.8245500847191,0.3700812679958503,0.30167831295377806,235.26770583017557
159,0.529686029386072,0.12253134579664343,850.8370149004163,0.36138727858851283,0.30167831295377806,218.48758826407433
160,0.5236608231843622,0.12213169650983621,850.2892686502776,0.3570143086821505,0.28382578228208344,202.9057998164407
161,0.519479408227224,0.12151459235668673,850.0413539196982,0.3516394679191908,0.2834934508339704,168.3426524852317
162,0.5111896521151521,0.12115107016241994,829.6983590637229,0.3468639618697015,0.2684846275028777,167.93660579659155
163,0.5048420524966177,0.12073587647702372,810.6671930270776,0.3402806642278741,0.2684846275028777,127.09742733546753
164,0.4986627610386079,0.120417821279108,792.6448037717963,0.3321616855660984,0.2611246276868256,105.56939759144394
165,0.4923100810802986,0.12006966495197391,788.1783803652238,0.328377330178635,0.2611246276868256,105.11961087353093
166,0.4873656358283037,0.11964222859079184,787.2816722953985,0.3218548151049627,0.23997290971827584,84.60219744412495
167,0.48293691163015234,0.11941625397397333,771.0134180343944,0.31361449719518253,0.23997290971827584,53.52723000883829
168,0.47481385947705496,0.11917469682134413,765.6061898758236,0.309059720571887,0.2294486489593374,45.34189778976654
169,0.4691220346510629,0.11890310750995718,765.3820698796782,0.3037393514817302,0.2294486489593374,44.783907372388484
170,0.4646313481929942,0.11852681087227344,765.0868873914864,0.29961007704111664,0.21929055644492693,43.968842342263414
171,0.4581023735635572,0.1184079732594149,765.0339765427708,0.2949404656816235,0.21929055644492693,43.34920003063869
172,0.4527920649556016,0.11804454141723954,764.9581949962203,0.2912285164071316,0.20357133211643189,42.59348927612646
173,0.4464149329911098,0.11785377530998044,763.8599061258266,0.2862930421254797,0.20357133211643189,37.959382380289746
174,0.4396727946891681,0.11764543255031926,763.4398940460107,0.282494789528262,0.18616739024013962,37.50875329209036
175,0.43423580319420685,0.11737317355755866,763.0205234661807,0.2744479415122523,0.18616739024013962,36.70785035693746
176,0.425630120646434,0.11713952422613091,762.0193860575599,0.26809451301852943,0.17596089818411173,36.38961825825225
177,0.41600294840805596,0.11693010377070014,761.7540916607095,0.26361077234573005,0.17596089818411173,35.02405060632577
178,0.40987006260343256,0.11678324581539005,760.8395969379858,0.2596560807730412,0.16512684220411805,34.764896964943226
179,0.4069882612022606,0.11651704161086003,743.0471647544196,0.25672987565281175,0.16455037614626736,34.39519250154815
180,0.4000327435348325,0.1163314386703705,742.7503528486309,0.2524490978349542,0.15078128563986964,33.86870212285818
181,0.39108980904440616,0.11613915787827914,742.6802296309853,0.24326240831308607,0.15078128563986964,32.06671762366276
182,0.3883795351850809,0.11596272903277104,742.5662224951135,0.2367937888910894,0.14221204378549113,31.858996558008148
183,0.38194676346623946,0.11585413455382926,742.3871412807686,0.22809012385062588,0.14221204378549113,31.013987835245988
184,0.37218320376357267,0.11570093389021027,742.2438534988074,0.22572012290803314,0.132658688447294,30.672070610126603
185,0.36723024802791576,0.11554099232633028,742.0918295045433,0.2222915707786727,0.132658688447294,30.417209688097156
186,0.3608406022790474,0.1154024382035802,742.0136408610675,0.2176557344590227,0.12183322588772727,30.17482724850367
187,0.3538938400610232,0.11529651224973307,741.7269446253736,0.2130053346491416,0.12183322588772727,29.89502458792952
188,0.3495628272628713,0.11516716154411082,741.6516208506612,0.20738409447691872,0.11307190802406232,29.74796579177889
189,0.3455050273569644,0.11504855090602403,739.6550491359135,0.20072174178345079,0.11307190802406232,28.96677900132277
190,0.341552835268241,0.1149077277878369,739.3771873842566,0.19837502428369136,0.1066235502540456,28.809822110018423
191,0.3378690229119654,0.11479801894717637,739.2519738976148,0.19519677280783632,0.1066235502540456,28.40159447647377
192,0.3270397564631014,0.11471891986625629,739.1160907258302,0.1926742441433494,0.10425046091182769,28.196250591980682
193,0.3223025423047632,0.11465518873416201,738.9056139399088,0.18790521420951373,0.10425046091182769,28.10551676262869
194,0.31941507867583746,0.11455210698299118,738.8187533060383,0.1844709927410819,0.09930687825311296,27.55149553673174
195,0.30999966648340466,0.11445174144031103,738.6373966331302,0.18229153452452876,0.09930687825311296,27.302603936689945
196,0.30728233301222624,0.11439211865284889,738.1825825038713,0.1741889674710052,0.0962845071443505,27.03864168060335
197,0.303768938943379,0.11432407305822703,737.7791014699072,0.1712746665804334,0.0962845071443505,26.77435143320888
198,0.2995178960183096,0.11424611035366439,737.7113988418873,0.16836404618553583,0.091447053866746,26.44413385091778
199,0.29151340720704244,0.11421399635670981,737.5628770340569,0.1652025897271593,0.09144175212644721,25.942848491421742
200,0.29006451739058536,0.11416751087904259,737.1287309624267,0.1630614745786706,0.08810492718816565,25.496659334461565
201,0.28773656043277884,0.11410453974838697,736.7765467528717,0.157039317318483,0.08810492718816565,25.183858412520873
202,0.2858141819507261,0.11406255869548368,736.7356872582922,0.1551540722679723,0.08402179571684426,24.95326710439084
203,0.2827061631967187,0.11402343610496231,736.5550133782515,0.15325959637187242,0.08402179571684426,24.64339800400902
204,0.2802533368642855,0.11397293150117958,736.4438323759196,0.15071344856364063,0.08008235209746807,24.527244213678074
205,0.27723551392535123,0.11393404042688411,736.3038614497439,0.14783460483052976,0.08008235209746807,24.30349617937241
206,0.27505762168733794,0.11390026372409064,736.2080209730311,0.14537534398155186,0.07744345630461329,24.170501544610193
207,0.27076009855216865,0.11385734432568176,736.1693195979414,0.14182082580785996,0.07744345630461329,24.02372196882861
208,0.2693635481835934,0.11383688478597515,736.0930027681777,0.13805941535873795,0.07357411683227895,23.818041397765622
209,0.2653056326244561,0.11380708425195292,735.9937513210302,0.13269808210221912,0.07357411683227895,23.62027521919738
210,0.2580061602786716,0.11377530624609865,735.9314506968352,0.12857862407072645,0.07030689974975167,23.438447575504693
211,0.2563689973654026,0.11375116976642179,735.845600458585,0.12613777554982195,0.07030689974975167,23.24494437395703
212,0.25164252345344196,0.11372581542536928,735.7011771935872,0.12403726796398265,0.06599535280636887,23.044154603678223
213,0.24723752315590888,0.113704385949528,735.6799100334647,0.12159408069340227,0.06599535280636887,22.949284236121372
214,0.24367648493671157,0.11367756433621926,735.5709304463808,0.11993373950548959,0.06308847903643665,22.85984505745809
215,0.24120909727004503,0.11365964281976253,735.3765548635741,0.1155436857531583,0.06308847903643665,22.716276477633386
216,0.23836839427103698,0.11364408123931186,735.2231167658025,0.11227499784608515,0.059164722888768555,22.55842476118779
217,0.23683128796942707,0.11361035836318466,735.1771908506747,0.10702490059224276,0.059164722888768555,22.425591508642263
218,0.23325425426916702,0.11359569172929565,735.0262749446872,0.10306586934530061,0.056403311921914716,22.27026669315599
219,0.2306549122633033,0.1135852253183963,734.7777049044771,0.10018969201286784,0.056403311921914716,22.137976267161385
220,0.22854316311235276,0.11357524238516815,734.6629580151107,0.09755209086870517,0.0543933542749315,21.763342295424632
221,0.22448581235982584,0.11355849196878223,734.5489374172763,0.09429425282948625,0.0543933542749315,21.678626862055168
222,0.22239525406767477,0.11354413129954154,734.4699479293029,0.09146771454229718,0.05168006845156992,21.52814272330641
223,0.21850635593339132,0.11353614723938968,734.4178606282061,0.08970000236785068,0.05168006845156992,21.403867578907597
224,0.21519577919488678,0.11352741856348887,734.3235726933711,0.08816145727046365,0.04974074821270211,21.2925302754727
225,0.21355703429388137,0.11352028131676603,734.2594003502383,0.08702236456753776,0.04974074821270211,21.125355966156736
226,0.20986546015678875,0.11350590961218865,734.2228226246037,0.08572230515400298,0.047706956520997316,20.983378326178205
227,0.20435542961748754,0.1134990244411752,734.1973815182208,0.08292049891344667,0.047706956520997316,20.887116725488813
228,0.20162315999454067,0.11348729234300615,734.169240093856,0.07772116430721634,0.04558653158846635,20.766842335919765
229,0.1965344991106158,0.11348130018972605,734.079572939464,0.07547712065571158,0.04558653158846635,20.558040504618916
230,0.19509980154796158,0.11347600861299618,734.0459001771351,0.0730774799256654,0.043253597056833314,20.364944528534316
231,0.19347449799082114,0.11346992274832537,733.9449323976274,0.0707600030848685,0.043253597056833314,20.3042200818045
232,0.19204256733139322,0.11346273412129848,733.8173988895865,0.06884884365041827,0.042270954175438094,20.184949702353375
233,0.18957407463611264,0.11345999659214114,733.6931400240138,0.06815465883399119,0.042270954175438094,20.115211933292105
234,0.18834829064743683,0.11345618047643795,733.6340906071492,0.06668465936953769,0.03917715992506546,19.97161881797806
235,0.18681797100064665,0.11345273246269003,733.6143449787629,0.06531525684986177,0.03917715992506546,19.90434661544472
236,0.18450078809726378,0.11344887984202037,733.5765181528413,0.0650162023385436,0.03797216650518261,19.8408860330529
237,0.18384910807541094,0.11344515789181343,733.5574820335429,0.06385680908393969,0.03797216650518261,19.75944761093712
238,0.18166768902130292,0.11344349256386665,733.5346057955686,0.06320294677401622,0.03650323883026069,19.537620712076144
239,0.17870607620602955,0.11344196013652358,733.4591642293959,0.06254558980683009,0.03647959025529819,19.45837866382091
240,0.17760080951567217,0.11344019160225503,733.4381364703688,0.06081320205425693,0.034138862830359426,19.367336282124075
241,0.17549666739775877,0.11343786354335879,733.3736572537802,0.059924072740023517,0.034138862830359426,19.23515128789784
242,0.17429266608695648,0.11343642247700292,733.245977536189,0.05877385144075164,0.033254164538637006,19.186347911932454
243,0.17334580823760984,0.11343562095376773,733.2174720451216,0.057994457867328694,0.033254164538637006,19.092299810918124
244,0.17281716912792203,0.11343464016756079,733.125319810327,0.057482521943538284,0.03230465382518628,18.948980416672846
245,0.17169810216143724,0.11343399959915086,733.0990128911897,0.056285647337569855,0.03230465382518628,18.88920381259032
246,0.17054655815532424,0.11343332248293125,733.0619812165019,0.05552001655886331,0.031471795002046894,18.831515986298065
247,0.16881354876902308,0.11343273287771302,733.0157208007979,0.05402869303845963,0.031471795002046894,18.6959601947197
248,0.16778266145180173,0.11343212598728183,732.9252623977478,0.05366576633453343,0.030129662152542598,18.60485882518117
249,0.16626930989022842,0.11343141102006804,732.9139705845286,0.051625776286309336,0.030129662152542598,18.55933007107806
250,0.1652170890993649,0.11343078425116017,732.8447110098069,0.04839290458393596,0.029277064827546787,18.47907205121048
251,0.16462576034148863,0.11343023353666482,732.8330669167004,0.04668429695286945,0.029277064827546787,18.446326030450088
252,0.16376572056463395,0.11342969582717793,732.7907115238911,0.04576768447477439,0.02871697782265394,18.41642450214775
253,0.162864652129001,0.11342887972967024,732.7669025848355,0.04458839068657326,0.02871697782265394,18.37679601861181
254,0.16072615034846705,0.11342855615166698,732.694696850187,0.04397594667602772,0.0270007344166179,18.282708166481513
255,0.15899836087073665,0.11342785621468403,732.5438689269141,0.04291249344722876,0.0270007344166179,18.197916849984846
256,0.15762701761109219,0.1134272603433886,732.489326481077,0.04079881619568226,0.026181470372394357,18.14429637201376
257,0.1570674050495038,0.11342679914635165,732.4610989957272,0.0387491381061903,0.026181470372394357,18.097645607833837
258,0.15579092167052722,0.1134260893588806,732.4355683064624,0.03774138196293365,0.025090980503836312,17.98487214030464
259,0.15467786436538367,0.11342564885113501,732.4066087599376,0.03670944328433191,0.025090980503836312,17.90653650442318
260,0.15425540213705555,0.11342526098546613,732.3797145803683,0.0357580682655822,0.02353187477509187,17.803590618474185
261,0.15227641086589516,0.11342504252089747,732.3324659176363,0.03547602487431611,0.02353187477509187,17.786799331924925
262,0.15081279192198102,0.11342444116546246,732.2951678956821,0.03529286669969352,0.023077218886312974,17.74345337011367
263,0.1502549918253978,0.11342396893931678,732.2796552864279,0.03496835887756987,0.023077218886312974,17.692802993567046
264,0.1494801053358942,0.11342360554324023,732.2196839169432,0.034332906843104125,0.022611618822294646,17.64915865233364
265,0.14827132609447,0.11342319541851963,732.1764519149054,0.034067912379565246,0.022611618822294646,17.600526021772303
266,0.14797027699434775,0.11342257551537153,732.1533035639068,0.03344992866653557,0.021838643074388195,17.578853335767143
267,0.14768045614456646,0.11342236338096769,732.1006719257625,0.033162749503448524,0.021838643074388195,17.540348196425494
268,0.14707439420068252,0.11342212338623087,732.0853111829701,0.03145024567353171,0.021133417979351258,17.427605468489908
269,0.14667394339223613,0.11342192516707453,732.0161225290749,0.031040600186747164,0.021133417979351258,17.403599984343476
270,0.14399520154837717,0.11342164131002481,731.9487594880744,0.030673235805737706,0.020404192285235743,17.355849780148052
271,0.14300906437371494,0.1134214009057629,731.9421313751525,0.02965612974389388,0.020404192285235743,17.340700969519457
272,0.14274433654017027,0.11342110582385438,731.9265305207917,0.02848093902324814,0.01965921684401751,17.312431980518088
273,0.14193191087518908,0.11342083900638089,731.892841589862,0.027862766295880484,0.01965921684401751,17.279813822954146
274,0.14187667419318076,0.11342050898097739,731.8711670215355,0.02761680982012541,0.018705790891267626,17.244790791038785
275,0.14135109763691978,0.11342030128839971,731.8514523820256,0.02651244344644622,0.018705790891267626,17.199324833100388
276,0.1411988625072939,0.11342018068563023,731.8408054359423,0.025319950576820033,0.018308273661221577,17.15782882360207
277,0.14108336395208623,0.11342000904474588,731.8217534195658,0.024969188659959354,0.018308273661221577,17.116455483137784
278,0.1407750905913042,0.11341977584139315,731.809568644931,0.024860432309215454,0.017762313321446947,17.07992047153577
279,0.1400604556708826,0.11341959522323682,731.7446619409674,0.024412691002892683,0.017762313321446947,17.062407334792784
280,0.13849857594118242,0.11341949949453378,731.7069414409061,0.023823384950353032,0.01703525280311334,17.05472043194938
281,0.13723165789263064,0.11341937755594511,731.7012800743722,0.023753440421572077,0.01703525280311334,16.992137925898
282,0.13692652177815287,0.11341927654401836,731.6749806757362,0.02371564894678874,0.01660034740353659,16.95879666504589
283,0.1358521832702291,0.11341916477577893,731.6655615783363,0.023443782771667143,0.01660034740353659,16.94243756568429
284,0.13436135369505178,0.11341897820176619,731.658986252903,0.023164006529168026,0.01602797450499922,16.904737300472934
285,0.13352339454839351,0.11341890380966188,731.6382238383783,0.023001814448859036,0.01602797450499922,16.877629000933553
286,0.13100584108064492,0.1134187982038498,731.5908184758229,0.022213412956678336,0.015806600740315695,16.835608356404535
287,0.12999624288781872,0.11341870316437028,731.582475055587,0.0212708676255682,0.015806600740315695,16.81725605166117
288,0.1291665650843656,0.11341861940133269,731.5768493794986,0.02117453142840177,0.015485681028431382,16.805045947157492
289,0.12830928462458144,0.11341854206942306,731.5703450487209,0.021130804340040207,0.015485681028431382,16.783796607728707
290,0.12766719396553386,0.11341844480710658,731.5168020138792,0.020945661978399307,0.015268109354498455,16.772701637430675
291,0.12704618885203817,0.11341838118101974,731.5106280578005,0.020796282596302874,0.015268109354498455,16.746993777835595
292,0.12663273515054754,0.11341832902108952,731.4937158522996,0.02076395129062062,0.014833041035771133,16.719150220244163
293,0.12560257163557484,0.11341824507021653,731.4728295436104,0.02069858773167508,0.014833041035771133,16.6858014280335
294,0.12530112224733497,0.11341821419922972,731.4606226591022,0.02054390090255052,0.014712118586785094,16.674513573207676
295,0.12504014077888498,0.11341810555355838,731.4222768567206,0.02041394096214556,0.014712118586785094,16.654051673282186
296,0.12424621502589715,0.113418046479658,731.3868165759579,0.02009118755828605,0.014409037356917575,16.63624158465835
297,0.12381724114277294,0.11341798265840777,731.3729815545431,0.019745982794938367,0.014409037356917575,16.62844452230433
298,0.12368082988544832,0.11341794298121742,731.3667092339851,0.019462103843394262,0.014067342695641624,16.60371080667409
299,0.12342822571003242,0.11341787573174407,731.3453935928238,0.01915722155325576,0.014067342695641624,16.579560927991693
300,0.12205209156641067,0.11341785867821157,731.3316877180633,0.01889611960652886,0.013759065743845687,16.566274486299495
301,0.1211394772617165,0.11341783967668168,731.3087613689905,0.018682711844338607,0.013759065743845687,16.555754313455903
302,0.1204540538185741,0.11341777356218109,731.302377440159,0.01842421674618789,0.013543245159029186,16.545065935068063
303,0.11992703926338065,0.11341774200977978,731.2824564808872,0.018060398273866587,0.013543245159029186,16.533960961854408
304,0.11931796539751613,0.11341769452651025,731.2793559090652,0.01786501438544423,0.013339159820761894,16.513992247463815
305,0.11883171714473388,0.11341766949091255,731.2623715525373,0.01783969049773311,0.013339159820761894,16.48592976078543
306,0.11810402258218713,0.11341765597457126,731.2538451133474,0.017806233659606478,0.012983387749761094,16.481540029325338
307,0.1162589151185178,0.11341765028201063,731.2185918219594,0.01769015168124104,0.012983387749761094,16.47687090417813
308,0.1155585355001924,0.11341762491789796,731.1760024423961,0.017616732595676483,0.012630732008292886,16.458480530454555
309,0.11488755677409423,0.1134175941819555,731.1676466472586,0.017547158755336446,0.012630732008292886,16.449287570260626
310,0.1146886136804585,0.11341757277168,731.1588968983617,0.017513142915030068,0.01248146499452016,16.439168931024916
311,0.11413584814950964,0.1134175682657689,731.1549617860414,0.01741331161949201,0.01248146499452016,16.43345353403695
312,0.1130961026141331,0.1134175504093064,731.1512787921297,0.01738400429641536,0.012121991312964786,16.422157924095703
313,0.1115983808568617,0.11341754918656974,731.1485250021062,0.01735797787100203,0.012121991312964786,16.411010654596392
314,0.11080253967245747,0.11341753502672487,731.1395714518767,0.017321483560370932,0.011900547965905759,16.396611117614636
315,0.10979716095106797,0.11341752794202345,731.1314023053324,0.017294158921990266,0.011900547965905759,16.384367959363978
316,0.10939016202145758,0.11341752269159686,731.1198282955329,0.017241515183583276,0.011759483927969083,16.381307564412573
317,0.10680058175205803,0.11341752269159686,731.1175598435595,0.017216720304197856,0.011759483927969083,16.372213746845983
318,0.10643415841950293,0.11341752269159686,731.1163752765617,0.01713451730467273,0.011474464413226727,16.368437556774435
319,0.10585247354491921,0.11341752269159686,731.1047811755063,0.01709665783680671,0.011474464413226727,16.35928681638562
320,0.10564634019391499,0.11341752269159686,731.0995681812326,0.01703075974370592,0.011315772753531713,16.341597885512794
321,0.10506060148027138,0.11341752269159686,731.0922242557608,0.017016638863128764,0.011315772753531713,16.33585763144945
322,0.10404113883393197,0.11341752269159686,731.0869476268426,0.01700496745639502,0.011126583503209032,16.32557714046621
323,0.10379925645882285,0.11341752269159686,731.0816728844686,0.01697356080152972,0.011126583503209032,16.316468920578338
324,0.10323740348816995,0.11341752269159686,731.0803248278489,0.016961427398274644,0.01094098884086513,16.30944430263879
325,0.10307935189573195,0.11341752269159686,731.0773053942899,0.016953397267331572,0.01094098884086513,16.305299056924362
326,0.10268244337757988,0.11341752269159686,731.0640661591417,0.01694931703238978,0.010760154971499758,16.29519980030205
327,0.10216048666946394,0.11341752269159686,731.0605518778789,0.016937416694498338,0.010760154971499758,16.291942192406253
328,0.1017858611977547,0.11341752269159686,731.0557331025246,0.01692024779369878,0.01052461929123459,16.2807707345522
329,0.10131238697608154,0.11341752269159686,731.0494310877198,0.01689772860011758,0.01052461929123459,16.27499393614568
330,0.10114502766424606,0.11341752269159686,731.0482581435286,0.016892210720861167,0.010359633190434798,16.267186245600428
331,0.10044242160761611,0.11341752269159686,731.0467224923024,0.016876580581590802,0.010359633190434798,16.261410927287507
332,0.0995908994463694,0.11341752269159686,731.031487980916,0.01684822568700582,0.01004240635819309,16.255437730531003
333,0.09728456085523447,0.11341752269159686,731.0187450936611,0.016827381579585708,0.01004240635819309,16.251811995434824
334,0.09674827312699896,0.11341752269159686,731.0155355977455,0.016823384118000696,0.009943411977924605,16.247858192291993
335,0.09326415825651234,0.11341752269159686,731.0107308612136,0.01681912821401828,0.009943411977924605,16.239183068066122
336,0.08984782033202361,0.11341752269159686,731.0089186271254,0.016814458614545277,0.009737448363694555,16.232516066341663
337,0.08865934755361177,0.11341752269159686,731.0076759079897,0.01679550315613564,0.009737448363694555,16.22506657125054
338,0.08790086086011412,0.11341752269159686,730.998548065991,0.01678398375394035,0.009628403305992999,16.221704156268924
339,0.08780085010477633,0.11341752269159686,730.9911299702528,0.016779069991975582,0.009628403305992999,16.217569165057114
340,0.08737876305792691,0.11341752269159686,730.9887566201579,0.01677099244418805,0.009553084783620311,16.21527374879749
341,0.08686486228267373,0.11341752269159686,730.9868160250111,0.016762437334938658,0.009553084783620311,16.211635934861288
342,0.08652008536441577,0.11341752269159686,730.9845190166768,0.016755155975911595,0.0094259338526821,16.209372394348055
343,0.08648152489633745,0.11341752269159686,730.9776609315825,0.0167488085066546,0.0094259338526821,16.206302122858375
344,0.08542201008909042,0.11341752269159686,730.9738035290519,0.016739312221907575,0.009372686932912216,16.203908176386292
345,0.08514573896108284,0.11341752269159686,730.9601067861533,0.016728769453620465,0.009372686932912216,16.19489826131445
346,0.08498558544910235,0.11341752269159686,730.9577992818537,0.01671895983615057,0.009255298178128308,16.191628863452323
347,0.08423304817012472,0.11341752269159686,730.9566741155207,0.016715123347171002,0.009255298178128308,16.189137047690934
348,0.08417994329726046,0.11341752269159686,730.955994331533,0.016714187193321142,0.009186334530320759,16.186713313390257
349,0.08415999146041267,0.11341752269159686,730.9535115804526,0.01669979150890013,0.009186334530320759,16.184915292841982
350,0.0836072319078133,0.11341752269159686,730.9427429403283,0.01669409040463316,0.009109607346467494,16.181652656691643
351,0.08351932881494989,0.11341752269159686,730.9419634848635,0.01668933758737351,0.009109607346467494,16.18030796954434
352,0.08344136822731092,0.11341752269159686,730.94135523068,0.01668777722912128,0.008926500044160426,16.178561789529944
353,0.08307988826999767,0.11341752269159686,730.9401842233802,0.016683341364665157,0.008926500044160426,16.17731050472381
354,0.08252885386650276,0.11341752269159686,730.9387745400294,0.016679874918600984,0.008828934615998933,16.17497085543409
355,0.08195244286441378,0.11341752269159686,730.9372502088004,0.016677266691254154,0.008828934615998933,16.172820362142566
356,0.08146997474758398,0.11341752269159686,730.935686755757,0.016674292644792244,0.008768341552939443,16.171208850422914
357,0.08120482849713724,0.11341752269159686,730.9301392304109,0.016672559523194776,0.008768341552939443,16.169350960195125
358,0.0809867680513607,0.11341752269159686,730.9279315419103,0.01666536914055581,0.00870530985772485,16.168518694968913
359,0.08051531898364797,0.11341752269159686,730.9226619016051,0.01665965436067753,0.008703735361314713,16.16658073731789
360,0.08010422655646826,0.11341752269159686,730.9176399725245,0.016656050252336865,0.008683045670838715,16.162475636855486
361,0.07646319404690441,0.11341752269159686,730.9172688718578,0.01665526650769551,0.008683045670838715,16.160203680829678
362,0.07636832853514772,0.11341752269159686,730.916934074718,0.016650359688230768,0.008590427944716914,16.158814900991445
363,0.07572641982206986,0.11341752269159686,730.9147471158736,0.016649151538057634,0.008590427944716914,16.157000110372618
364,0.07555843807114188,0.11341752269159686,730.9126030140606,0.016647443555091675,0.008534280148770496,16.153970760072497
365,0.07544237477163275,0.11341752269159686,730.9089686804681,0.016646595114459508,0.008534280148770496,16.15188769810366
366,0.0753939546345642,0.11341752269159686,730.9073961021754,0.016646174634665386,0.008399424013456535,16.151145738180865
367,0.07536957410491668,0.11341752269159686,730.9071556537612,0.016644896475344836,0.008399424013456535,16.149819295942976
368,0.07499551513818974,0.11341752269159686,730.9062850543755,0.016643524249585154,0.00824777399418675,16.148603930487983
369,0.07480194791898721,0.11341752269159686,730.8981091423932,0.01664259334760855,0.00824777399418675,16.148061180700292
370,0.07478541738546678,0.11341752269159686,730.8951425501193,0.016638543138363347,0.008188469598928867,16.146077914826954
371,0.07462161451351026,0.11341752269159686,730.8949378266893,0.0166375519601074,0.008180143784209344,16.1448151392304
372,0.07448328351864424,0.11341752269159686,730.893246795827,0.016637228406728155,0.00805910045530802,16.14437341330546
373,0.07425632584263125,0.11341752269159686,730.8898458149934,0.016633580364397004,0.00805910045530802,16.144152209179094
374,0.07419124128945088,0.11341752269159686,730.8896565282142,0.01662912940025395,0.008004351030228727,16.142994864701553
375,0.07418015272310292,0.11341752269159686,730.8895341746547,0.016626409169295205,0.008004351030228727,16.1422160201075
376,0.07417644789390684,0.11341752269159686,730.8851873968792,0.016622924026835583,0.0079040694051054,16.141474713333395
377,0.07414995679689693,0.11341752269159686,730.8844427167813,0.016622297486911866,0.0079040694051054,16.14094214902867
378,0.0740426153757285,0.11341752269159686,730.8843735235978,0.01662153349150556,0.007830139761639937,16.140654777723068
379,0.07374947027896123,0.11341752269159686,730.8842791518977,0.016617804088937153,0.007830139761639937,16.140068841425986
380,0.0736865937006431,0.11341752269159686,730.884107299486,0.016617526403595952,0.007777088792638716,16.139388376144353
381,0.07340604475156692,0.11341752269159686,730.8834544141255,0.016616137006164766,0.007777088792638716,16.13902090969926
382,0.07288371725639038,0.11341752269159686,730.8830412535978,0.016615723518465145,0.007726518570661721,16.137896022416207
383,0.07275642927565878,0.11341752269159686,730.8828197006261,0.016615368150888658,0.007726518570661721,16.136888779582296
384,0.0727012932470599,0.11341752269159686,730.8810200840317,0.01661505784371521,0.007690876479217353,16.136433812731845
385,0.07255531468653607,0.11341752269159686,730.8806525901233,0.016614630227589727,0.007690876479217353,16.13610000155371
386,0.07233331064138739,0.11341752269159686,730.880333474309,0.01661359325498077,0.007674505168017777,16.1352582831715
387,0.07203764233188335,0.11341752269159686,730.8802747724709,0.016612186675988124,0.007674505168017777,16.13523661657211
388,0.07202412435361455,0.11341752269159686,730.8796169406072,0.016611259769306084,0.007612020318407326,16.13460414268742
389,0.07190198078434856,0.11341752269159686,730.8788256859812,0.016610454106926225,0.007605872411400208,16.1344990866616
390,0.07186862819104006,0.11341752269159686,730.8783031657194,0.016609886053446783,0.007493609462523832,16.133352732780946
391,0.0718588441717724,0.11341752269159686,730.8781749776109,0.016609196963118415,0.007493609462523832,16.132925128703953
392,0.07183321698712064,0.11341752269159686,730.8780386748776,0.016609078932766454,0.007454703281653518,16.132384633884197
393,0.07166558812885979,0.11341752269159686,730.8772785410557,0.01660892321097062,0.007454703281653518,16.132241429376894
394,0.07152596022654054,0.11341752269159686,730.877088461707,0.01660860085301651,0.007444498401030644,16.13199470016601
395,0.0712429930795897,0.11341752269159686,730.8765236198574,0.016607751585368404,0.007444498401030644,16.131857388976165
396,0.07108029424673845,0.11341752269159686,730.8763900681888,0.01660650327814936,0.0074314684865637625,16.13164748472882
397,0.07097807222076095,0.11341752269159686,730.8760658698167,0.01660614968064176,0.0074314684865637625,16.131220077172994
398,0.07090382324378526,0.11341752269159686,730.8742445196793,0.016605928089359654,0.007388035118971166,16.13112240305041
399,0.07084915306384323,0.11341752269159686,730.8738769395223,0.01660426420636295,0.007388035118971166,16.13090883922017
400,0.07076074561825146,0.11341752269159686,730.8736434191759,0.016602647776979573,0.007351711204289627,16.130602006187242
401,0.07057131339671391,0.11341752269159686,730.8734471451105,0.016602496054194255,0.007351711204289627,16.130473866759097
402,0.07053314689566313,0.11341752269159686,730.8733377966008,0.0166021816501054,0.007304702287376505,16.130330158452885
403,0.07032170970932444,0.11341752269159686,730.8733217790298,0.016600792967851594,0.007304702287376505,16.130173859658147
404,0.07008001355246433,0.11341752269159686,730.873310639734,0.01660034610859064,0.0072483491237124035,16.13006645592918
405,0.06936696237422102,0.11341752269159686,730.873188928822,0.016599469846304324,0.0072483491237124035,16.130006394397718
406,0.06934207780955898,0.11341752269159686,730.8731692858969,0.016599323069465453,0.007200488200145818,16.129930628017814
407,0.06925254054501392,0.11341752269159686,730.8728819143491,0.01659885738106224,0.007199918205961765,16.12986969719213
408,0.06892945533582293,0.11341752269159686,730.8727609092256,0.016598559463655058,0.007173458078237752,16.129823225859546
409,0.0688658812025568,0.11341752269159686,730.8726653621276,0.016598433404606535,0.007173458078237752,16.129663296516718
410,0.06875742092232716,0.11341752269159686,730.8721669698432,0.016598409374311382,0.007166258988852862,16.12958955763912
411,0.06872453606090098,0.11341752269159686,730.872107532212,0.01659819409170439,0.007166258988852862,16.129544745386482
412,0.06857862847845006,0.11341752269159686,730.8719650752122,0.01659797293490689,0.007110401183725547,16.129449705798113
413,0.06842504417777252,0.11341752269159686,730.8717281072538,0.016597606166685624,0.007110401183725547,16.129304924097195
414,0.06831466088996518,0.11341752269159686,730.8717138535175,0.016597444622366394,0.007087090310338064,16.129261950368782
415,0.06811351048107786,0.11341752269159686,730.8716648255345,0.01659692634802313,0.007087090310338064,16.12923156861828
416,0.06781938649585113,0.11341752269159686,730.8715993985414,0.016596658840202557,0.00703872399386096,16.12917993500575
417,0.06769466617068569,0.11341752269159686,730.8715290465408,0.016596429908144302,0.007037211739346402,16.12914884922246
418,0.06752902447038638,0.11341752269159686,730.8715093059752,0.016596389347808597,0.00701495017268392,16.129019809965715
419,0.0675277991031278,0.11341752269159686,730.8714439131871,0.01659634372657807,0.00701495017268392,16.128967682968717
420,0.06725373549148235,0.11341752269159686,730.8714380881923,0.016596176633675967,0.006993422999994662,16.128923335697426
421,0.06679465480452977,0.11341752269159686,730.871344672487,0.016596076590548174,0.006993422999994662,16.12883519156376
422,0.06647432357729229,0.11341752269159686,730.8712934697984,0.016596012636837514,0.0069747416778945396,16.128814051735578
423,0.066282689940214,0.11341752269159686,730.8712627039008,0.016595958277009704,0.0069747416778945396,16.128753955889856
424,0.0661969640839936,0.11341752269159686,730.8711912036551,0.01659593331848682,0.006944815428331144,16.128717846072536
425,0.06595796681130228,0.11341752269159686,730.8710228205011,0.01659565273372771,0.00693647926544779,16.128676022177167
426,0.06583095890470268,0.11341752269159686,730.8709841634168,0.016595500422064494,0.006919039318720566,16.12863696888505
427,0.06567086866275341,0.11341752269159686,730.8709499787386,0.016595327403110184,0.006919039318720566,16.128579915720504
428,0.065439578492864,0.11341752269159686,730.8708897090856,0.016595271733085015,0.006902594232057044,16.128556304222155
429,0.06522534623704113,0.11341752269159686,730.87085623238,0.0165951520985462,0.006902594232057044,16.128540256535544
430,0.06504662637027323,0.11341752269159686,730.8708448394605,0.016595115864491066,0.006890637168319871,16.12849003474304
431,0.06481786564265414,0.11341752269159686,730.8708006566251,0.016594878219571545,0.006883747633654989,16.12845729337425
432,0.06474401810461722,0.11341752269159686,730.8707828008315,0.016594677703738864,0.006857140338798092,16.128425589992034
433,0.06466533964901951,0.11341752269159686,730.8707623189912,0.016594675577960297,0.006853420011675949,16.128408689578347
434,0.06465630351623035,0.11341752269159686,730.870618450428,0.01659451960123194,0.006821461428922691,16.128388413668294
435,0.06463297624098976,0.11341752269159686,730.870590171995,0.016594500188787296,0.006808059156055499,16.128365246243103
436,0.06459554439358212,0.11341752269159686,730.870526719575,0.01659448079270909,0.00679709703152292,16.12834458843992
437,0.06454522226653124,0.11341752269159686,730.8705171898054,0.01659440862134134,0.006794947794299506,16.12833309821953
438,0.06453188462771661,0.11341752269159686,730.8704986576118,0.016594267428563708,0.006789305342199066,16.128316861379215
439,0.06449834194202564,0.11341752269159686,730.8704749278771,0.016594267428563708,0.0067854899459197015,16.128307182327923
440,0.06449023446566944,0.11341752269159686,730.8704719352947,0.016594267428563708,0.006767569371773256,16.12826214707455
441,0.06448561696510105,0.11341752269159686,730.870457820918,0.01659421806594268,0.006763624744556372,16.128256274707617
442,0.06445984822371127,0.11341752269159686,730.8704471310932,0.01659413662282244,0.006752254815127732,16.128212118195986
443,0.06445076425513743,0.11341752269159686,730.8704166556631,0.01659412549359659,0.006752254815127732,16.128206943399658
444,0.06444644378496632,0.11341752269159686,730.8703980749913,0.01659389248349102,0.0067241946996094435,16.12819097951457
445,0.06443446632106518,0.11341752269159686,730.8703935183212,0.016593868070701335,0.0067193315224668496,16.128171619890452
446,0.06442794185992189,0.11341752269159686,730.8703327560778,0.016593811326439167,0.0067090430046607644,16.128165900804998
447,0.06442228806730638,0.11341752269159686,730.8703323994471,0.016593809795157337,0.0067090430046607644,16.128158830535565
448,0.06441059454571953,0.11341752269159686,730.8702775037709,0.016593809795157337,0.006686753986743364,16.12814676776734
449,0.0644087206630606,0.11341752269159686,730.8702755696905,0.01659372845500114,0.006686753986743364,16.128140720914672
450,0.06440859932626299,0.11341752269159686,730.8702627212409,0.016593670580944516,0.006678907960074414,16.12813288651104
451,0.0644002990705336,0.11341752269159686,730.870247168231,0.016593634984414626,0.006678873036726338,16.128115842345586
452,0.06439461809005412,0.11341752269159686,730.8702300282737,0.016593612620745334,0.006671722743411297,16.128110423741486
453,0.06439258373490778,0.11341752269159686,730.8702090675192,0.01659358757650701,0.0066661697453797054,16.128094360194112
454,0.06438878503558851,0.11341752269159686,730.8701974607121,0.016593563780319474,0.00664904168669909,16.128090925848312
455,0.06438507141704645,0.11341752269159686,730.8701920681011,0.016593538484440437,0.006645236341491091,16.12808809558332
456,0.06438218352432845,0.11341752269159686,730.870175037112,0.01659351247942728,0.00663475634211921,16.128078607670467
457,0.06437646436593573,0.11341752269159686,730.8701671678048,0.016593501516654615,0.006630423797075976,16.128070101558052
458,0.06437498947718845,0.11341752269159686,730.8701647089146,0.016593470687959785,0.006625961050447625,16.12806424766203
459,0.06437282895297314,0.11341752269159686,730.8701533247831,0.016593467046331814,0.006624260598350407,16.12806218072024
460,0.0643711722930743,0.11341752269159686,730.870110502782,0.016593467046331814,0.006617974693004115,16.12805718454009
461,0.0643657966482841,0.11341752269159686,730.8701056142127,0.016593467046331814,0.006617974693004115,16.128044367044474
462,0.06436216632575803,0.11341752269159686,730.8701038797361,0.016593464789064313,0.006613291083053045,16.128038637152613
463,0.06435464238225022,0.11341752269159686,730.8700992795725,0.016593458913958848,0.006612409062827189,16.128033474099198
464,0.06435294175428628,0.11341752269159686,730.87008818405,0.01659345007317578,0.006609017137264652,16.128031125294875
465,0.06435291297212586,0.11341752269159686,730.8700864759057,0.016593447977363344,0.00660790505243519,16.128022867764233
466,0.0643519836042039,0.11341752269159686,730.8700828334097,0.016593447977363344,0.006601436739982951,16.128018134023755
467,0.06434427848314068,0.11341752269159686,730.8700751573133,0.016593441322775796,0.006599702795650417,16.128014030895677
468,0.06434409983628622,0.11341752269159686,730.8700728332385,0.016593438396215954,0.006592670170934261,16.12800999600956
469,0.06434289407661935,0.11341752269159686,730.8700655088148,0.016593436824103067,0.006591044034476185,16.128002589365916
470,0.06434286117024776,0.11341752269159686,730.8700643117347,0.01659343399406844,0.006573779874756868,16.128000420340484
471,0.06433837229793184,0.11341752269159686,730.8700615800719,0.016593423251280354,0.006569852852716322,16.127997828855897
472,0.06433593493008685,0.11341752269159686,730.8700557837171,0.016593423251280354,0.00656112262506702,16.12799446454575
473,0.06433593493008685,0.11341752269159686,730.8700532054618,0.016593423251280354,0.006559995612084068,16.12799001323908
474,0.06433539074271419,0.11341752269159686,730.8700447666374,0.016593423251280354,0.006546794890257567,16.12798786613756
475,0.06433457898153294,0.11341752269159686,730.8700416004868,0.016593423251280354,0.006543818623761063,16.127985816255773
476,0.06433455363114307,0.11341752269159686,730.8700287412782,0.016593423251280354,0.006533122565529566,16.127982008721983
477,0.06433140836261,0.11341752269159686,730.870025547475,0.016593423251280354,0.0065235026914275554,16.127977446015723
478,0.06432733433086452,0.11341752269159686,730.8700215256764,0.016593423251280354,0.0065179077199808075,16.127973287126576
479,0.06432436600711226,0.11341752269159686,730.8700195681267,0.016593423251280354,0.006515666304992495,16.127970089544863
480,0.0643239903805502,0.11341752269159686,730.8700168543969,0.016593423251280354,0.006500113877909179,16.127968551890554
481,0.06432258202656792,0.11341752269159686,730.8700143723522,0.016593423251280354,0.00649909789302677,16.12796741897181
482,0.06432155759625054,0.11341752269159686,730.8700128237531,0.016593423251280354,0.00649339530411805,16.127966342254485
483,0.06432101888922911,0.11341752269159686,730.8699984462634,0.016593423251280354,0.006482402999893079,16.1279644057176
484,0.0643208697120145,0.11341752269159686,730.8699950642238,0.016593423251280354,0.006474265543877841,16.12796278790993
485,0.06432079794578577,0.11341752269159686,730.8699942827785,0.016593423251280354,0.006472664628546921,16.127957659438337
486,0.06431865188908273,0.11341752269159686,730.8699936731933,0.016593423251280354,0.00646870259058325,16.127955959212738
487,0.06431737258270084,0.11341752269159686,730.86999220099,0.016593423251280354,0.006462543191594128,16.127955163998426
488,0.0643165319269264,0.11341752269159686,730.8699916994306,0.016593423251280354,0.006458389097871972,16.127954081399338
489,0.06431621570600948,0.11341752269159686,730.8699900631544,0.016593423251280354,0.006454893345660141,16.1279528057922
490,0.06431506835138276,0.11341752269159686,730.8699899768865,0.016593423251280354,0.006447438405606048,16.127950017067963
491,0.06431325964003742,0.11341752269159686,730.8699825496482,0.016593423251280354,0.006447438405606048,16.127948346796206
492,0.0643104310713831,0.11341752269159686,730.8699819830377,0.016593423251280354,0.006443900825335167,16.127945685894943
493,0.06431026474263814,0.11341752269159686,730.8699816743219,0.016593423251280354,0.006439818251382837,16.127944086673125
494,0.0643089686765771,0.11341752269159686,730.8699810087502,0.016593423251280354,0.00643693200469378,16.127943577271015
495,0.06430635564176965,0.11341752269159686,730.8699797874169,0.016593423251280354,0.006433338511419917,16.1279432856081
496,0.06430430992875732,0.11341752269159686,730.8699789411595,0.016593423251280354,0.006427016860175444,16.12794192104042
497,0.0643041024093825,0.11341752269159686,730.8699751384473,0.016593423251280354,0.006422466922388146,16.127939768013672
498,0.06430364490273524,0.11341752269159686,730.8699742763824,0.016593423251280354,0.00641992964032016,16.12793902110121
499,0.06430285219033424,0.11341752269159686,730.869972960341,0.016593423251280354,0.006414685629638296,16.12793791945709
500,0.06430212457101567,0.11341752269159686,730.8699693197916,0.016593423251280354,0.006408839096953101,16.127937191962932
